{"count":1,"self":48.112207999999995,"total":461.49911019999996,"children":{"InitializeActuators":{"count":6,"self":0.0010156,"total":0.0010156,"children":null},"InitializeSensors":{"count":6,"self":0.0015245999999999999,"total":0.0015245999999999999,"children":null},"AgentSendState":{"count":6284,"self":0.32969919999999997,"total":0.44501229999999997,"children":{"CollectObservations":{"count":7542,"self":0.0092751999999999991,"total":0.0092751999999999991,"children":null},"WriteActionMask":{"count":7542,"self":0.0049895999999999994,"total":0.0049895999999999994,"children":null},"RequestDecision":{"count":7542,"self":0.0185603,"total":0.1010483,"children":{"AgentInfo.ToProto":{"count":7542,"self":0.0172844,"total":0.082487999999999992,"children":{"GenerateSensorData":{"count":7542,"self":0.0544449,"total":0.0652036,"children":{"RayPerceptionSensor.Perceive":{"count":7542,"self":0.0107587,"total":0.0107587,"children":null}}}}}}}}},"DecideAction":{"count":6284,"self":412.80898559999997,"total":412.8089849,"children":null},"AgentAct":{"count":6284,"self":0.1293617,"total":0.1293617,"children":{"AgentInfo.ToProto":{"count":6,"self":0,"total":0,"children":{"GenerateSensorData":{"count":6,"self":0,"total":0,"children":{"RayPerceptionSensor.Perceive":{"count":6,"self":0,"total":0,"children":null}}}}}}}},"gauges":{"redteam2.CumulativeReward":{"count":1,"max":-3.04999781,"min":-3.04999781,"runningAverage":-3.04999781,"value":-3.04999781,"weightedAverage":-3.04999781},"redteam3.CumulativeReward":{"count":1,"max":-14.00002,"min":-14.00002,"runningAverage":-14.00002,"value":-14.00002,"weightedAverage":-14.00002},"blueteam1.CumulativeReward":{"count":1,"max":-10.00002,"min":-10.00002,"runningAverage":-10.00002,"value":-10.00002,"weightedAverage":-10.00002},"blueteam2.CumulativeReward":{"count":1,"max":-10.00002,"min":-10.00002,"runningAverage":-10.00002,"value":-10.00002,"weightedAverage":-10.00002},"blueteam3.CumulativeReward":{"count":1,"max":-10.00002,"min":-10.00002,"runningAverage":-10.00002,"value":-10.00002,"weightedAverage":-10.00002},"redteam1.CumulativeReward":{"count":1,"max":-10.00002,"min":-10.00002,"runningAverage":-10.00002,"value":-10.00002,"weightedAverage":-10.00002}},"metadata":{"timer_format_version":"0.1.0","start_time_seconds":"1733315845","unity_version":"6000.0.27f1","command_line_arguments":"C:\\Program Files\\Unity\\Hub\\Editor\\6000.0.27f1\\Editor\\Unity.exe -projectpath C:\\Users\\dinis\\Desktop\\Football_AI1 -useHub -hubIPC -cloudEnvironment production","communication_protocol_version":"1.5.0","com.unity.ml-agents_version":"3.0.0","scene_name":"SampleScene","end_time_seconds":"1733316307"}}